Address,flat_type,floor_area_list,resale_price_list
7 Telok Blangah Cres S(090007),1-Room,31.0 sqm,"$283,799"
14 Taman Ho Swee S(161014),2-Room,43.0 sqm,"$290,000"
120 Lor 2 Toa Payoh S(310120),2-Room,40.0 sqm,"$290,000"
365A Sembawang Cres S(751365),2-Room,38.0 sqm,"$330,000"
69 Circuit Rd S(370069),3-Room,56.0 sqm,"$335,000"
150A Corporation Dr S(611150),2-Room,38.0 sqm,"$339,000"
91 C'wealth Dr S(140091),3-Room,58.0 sqm,"$345,000"
6 Marsiling Dr S(730006),3-Room,65.0 sqm,"$345,588"
76 Telok Blangah Dr S(100076),2-Room,44.0 sqm,"$348,000"
93 C'wealth Dr S(140093),3-Room,60.0 sqm,"$348,000"
232C Sumang Lane S(823232),2-Room,38.0 sqm,"$350,000"
48 Lower Delta Rd S(160048),2-Room,43.0 sqm,"$350,000"
195 Kim Keat Ave S(310195),3-Room,66.0 sqm,"$350,000"
99 C'wealth Cres S(140099),3-Room,55.0 sqm,"$350,000"
27 Jln Bahagia S(320027),3-Room,56.0 sqm,"$358,888"
208 Boon Lay Pl S(640208),3-Room,65.0 sqm,"$360,000"
168 Stirling Rd S(141168),3-Room,60.0 sqm,"$360,000"
169 Stirling Rd S(140169),3-Room,60.0 sqm,"$366,000"
119 Ho Ching Rd S(610119),3-Room,67.0 sqm,"$368,000"
20 Lor 7 Toa Payoh S(310020),3-Room,67.0 sqm,"$368,000"
99 C'wealth Cres S(140099),3-Room,55.0 sqm,"$368,000"
235 Lor 8 Toa Payoh S(310235),3-Room,65.0 sqm,"$370,000"
30 Balam Rd S(370030),3-Room,57.0 sqm,"$370,000"
132 Jln Bt Merah S(160132),3-Room,59.0 sqm,"$373,000"
573C Woodlands Dr 16 S(733573),2-Room,47.0 sqm,"$374,000"
124 Lor 1 Toa Payoh S(310124),3-Room,67.0 sqm,"$375,000"
4 Ghim Moh Rd S(270004),3-Room,65.0 sqm,"$378,000"
460D Bt Batok West Ave 9 S(654460),2-Room,48.0 sqm,"$380,000"
991A Buangkok Link S(531991),2-Room,47.0 sqm,"$380,000"
672C Edgefield Plains S(823672),2-Room,44.0 sqm,"$380,000"
10 Teck Whye Ave S(680010),3-Room,67.0 sqm,"$380,000"
64 Kallang Bahru S(330064),3-Room,65.0 sqm,"$380,000"
173 Lor 1 Toa Payoh S(310173),3-Room,66.0 sqm,"$380,000"
102 C'wealth Cres S(140102),3-Room,55.0 sqm,"$380,000"
66 Lor 4 Toa Payoh S(310066),3-Room,64.0 sqm,"$380,000"
460C Bt Batok West Ave 9 S(653460),2-Room,48.0 sqm,"$385,000"
528 Jurong West St 52 S(640528),3-Room,67.0 sqm,"$385,000"
5 Ghim Moh Rd S(270005),3-Room,65.0 sqm,"$388,000"
13 Telok Blangah Cres S(090013),3-Room,65.0 sqm,"$389,000"
499B Tampines Ave 9 S(522499),2-Room,46.0 sqm,"$390,000"
248 Jurong East St 24 S(600248),3-Room,67.0 sqm,"$390,000"
410 Pandan Gdns S(600410),3-Room,72.0 sqm,"$390,000"
17 Eunos Cres S(400017),3-Room,59.0 sqm,"$390,000"
207 Toa Payoh Nth S(310207),3-Room,65.0 sqm,"$390,000"
45 Bendemeer Rd S(330045),3-Room,66.0 sqm,"$390,000"
329 Jurong East Ave 1 S(600329),3-Room,74.0 sqm,"$395,000"
524 Jurong West St 52 S(640524),3-Room,67.0 sqm,"$395,000"
127 Ang Mo Kio Ave 3 S(560127),3-Room,67.0 sqm,"$395,000"
504 Bedok Nth St 3 S(460504),3-Room,59.0 sqm,"$395,000"
1 Teck Whye Ave S(680001),3-Room,74.0 sqm,"$398,000"
225 Lor 8 Toa Payoh S(310225),3-Room,65.0 sqm,"$398,000"
30 Jln Klinik S(160030),3-Room,58.0 sqm,"$398,000"
2 St. George's Rd S(322002),3-Room,59.0 sqm,"$399,000"
53 Lor 5 Toa Payoh S(310053),3-Room,68.0 sqm,"$399,990"
43 Holland Dr S(270043),3-Room,59.0 sqm,"$399,999"
171 Stirling Rd S(140171),3-Room,60.0 sqm,"$399,999"
170 Stirling Rd S(140170),3-Room,60.0 sqm,"$399,999"
117B Canberra Cres S(752117),2-Room,47.0 sqm,"$400,000"
536 Jurong West St 52 S(640536),3-Room,67.0 sqm,"$400,000"
44 Bendemeer Rd S(330044),3-Room,63.0 sqm,"$400,000"
97 Whampoa Dr S(320097),3-Room,66.0 sqm,"$400,000"
18 Telok Blangah Cres S(090018),3-Room,65.0 sqm,"$400,000"
219 Bt Batok St 21 S(650219),3-Room,67.0 sqm,"$405,000"
401 Bedok Nth Ave 3 S(460401),3-Room,67.0 sqm,"$405,000"
77 Bedok Nth Rd S(460077),3-Room,60.0 sqm,"$408,000"
635 Ang Mo Kio Ave 6 S(560635),3-Room,68.0 sqm,"$408,000"
550 Ang Mo Kio Ave 10 S(560550),3-Room,68.0 sqm,"$408,888"
308 Clementi Ave 4 S(120308),3-Room,67.0 sqm,"$410,000"
34 Whampoa West S(330034),3-Room,68.0 sqm,"$415,000"
182A Woodlands St 13 S(731182),2-Room,38.0 sqm,"$418,000"
119 Bt Merah View S(152119),3-Room,65.0 sqm,"$418,000"
348 Ang Mo Kio Ave 3 S(560348),3-Room,73.0 sqm,"$420,000"
99 Aljunied Cres S(380099),3-Room,67.0 sqm,"$420,000"
43 Holland Dr S(270043),3-Room,59.0 sqm,"$420,000"
98 Whampoa Dr S(320098),3-Room,65.0 sqm,"$420,000"
77 Indus Rd S(160077),3-Room,63.0 sqm,"$420,000"
16 Telok Blangah Cres S(090016),3-Room,76.0 sqm,"$425,000"
535 Ang Mo Kio Ave 5 S(560535),3-Room,67.0 sqm,"$428,000"
47 Telok Blangah Dr S(100047),3-Room,76.0 sqm,"$428,000"
157 Lor 1 Toa Payoh S(310157),3-Room,67.0 sqm,"$428,000"
410 Tampines St 41 S(520410),3-Room,60.0 sqm,"$428,888"
419 Woodlands St 41 S(730419),3-Room,68.0 sqm,"$429,000"
354 Yishun Ring Rd S(760354),3-Room,74.0 sqm,"$430,000"
240 Bt Batok East Ave 5 S(650240),3-Room,69.0 sqm,"$430,000"
37 Chai Chee Ave S(461037),3-Room,66.0 sqm,"$430,000"
154 Mei Ling St S(140154),3-Room,67.0 sqm,"$430,000"
124 Lor 1 Toa Payoh S(310124),3-Room,67.0 sqm,"$430,000"
402 Bedok Nth Ave 3 S(460402),3-Room,67.0 sqm,"$435,000"
416 Bt Batok West Ave 4 S(650416),3-Room,73.0 sqm,"$438,000"
345 Bt Batok St 34 S(650345),3-Room,73.0 sqm,"$438,000"
519 Jurong West St 52 S(640519),3-Room,74.0 sqm,"$438,000"
22 Telok Blangah Cres S(090022),3-Room,70.0 sqm,"$438,888"
85C Lor 4 Toa Payoh S(313085),3-Room,68.0 sqm,"$438,888"
1 Dover Rd S(130001),3-Room,73.0 sqm,"$440,000"
173 Lor 1 Toa Payoh S(310173),3-Room,77.0 sqm,"$440,000"
206 Petir Rd S(670206),3-Room,73.0 sqm,"$445,000"
658 Hougang Ave 8 S(530658),3-Room,74.0 sqm,"$445,000"
223 Pending Rd S(670223),3-Room,73.0 sqm,"$448,000"
55 Chai Chee Dr S(460055),3-Room,76.0 sqm,"$448,000"
801A Keat Hong Cl S(681801),3-Room,67.0 sqm,"$450,000"
424A Yishun Ave 11 S(761424),3-Room,67.0 sqm,"$450,000"
504 Bt Batok St 52 S(650504),3-Room,69.0 sqm,"$450,000"
211 Yishun St 21 S(760211),3-Room,67.0 sqm,"$450,000"
127 Yishun St 11 S(760127),3-Room,67.0 sqm,"$450,000"
138 Bt Batok West Ave 6 S(650138),3-Room,68.0 sqm,"$450,000"
319 Ang Mo Kio Ave 1 S(560319),3-Room,73.0 sqm,"$450,000"
44 Telok Blangah Dr S(100044),3-Room,65.0 sqm,"$450,000"
1 Dover Rd S(130001),3-Room,65.0 sqm,"$450,000"
129 Bt Merah View S(150129),3-Room,65.0 sqm,"$450,000"
104 Henderson Cres S(150104),4-Room,74.0 sqm,"$450,000"
326 Serangoon Ave 3 S(550326),3-Room,64.0 sqm,"$455,000"
202 Tampines St 21 S(520202),3-Room,75.0 sqm,"$458,888"
44 Owen Rd S(210044),3-Room,67.0 sqm,"$460,000"
12 Holland Ave S(272012),3-Room,65.0 sqm,"$460,000"
20 Marine Ter S(440020),3-Room,76.0 sqm,"$460,000"
3 St. George's Rd S(320003),3-Room,70.0 sqm,"$465,000"
516 Jurong West St 52 S(640516),3-Room,74.0 sqm,"$468,000"
284 Tampines St 22 S(520284),3-Room,74.0 sqm,"$468,000"
3 Ghim Moh Rd S(270003),3-Room,65.0 sqm,"$470,000"
129 Bt Merah View S(150129),3-Room,65.0 sqm,"$470,000"
7 Bedok Sth Ave 2 S(460007),4-Room,82.0 sqm,"$478,000"
784C Woodlands Rise S(733784),3-Room,68.0 sqm,"$480,000"
811B Choa Chu Kang Ave 7 S(682811),3-Room,68.0 sqm,"$480,000"
136 Bt Batok West Ave 6 S(650136),3-Room,68.0 sqm,"$480,000"
217 Serangoon Ave 4 S(550217),3-Room,67.0 sqm,"$480,000"
607 Ang Mo Kio Ave 4 S(560607),3-Room,82.0 sqm,"$480,000"
3 Beach Rd S(190003),3-Room,68.0 sqm,"$480,000"
435 Clementi Ave 3 S(120435),3-Room,67.0 sqm,"$480,000"
101 Whampoa Dr S(323101),4-Room,91.0 sqm,"$480,000"
301 Ubi Ave 1 S(400301),3-Room,64.0 sqm,"$482,700"
260 Yishun St 22 S(760260),4-Room,84.0 sqm,"$485,000"
65 Marine Dr S(440065),3-Room,65.0 sqm,"$486,000"
704 Yishun Ave 5 S(760704),3-Room,82.0 sqm,"$488,000"
9 Selegie Rd S(180009),3-Room,56.0 sqm,"$488,000"
337 Woodlands Ave 1 S(730337),4-Room,83.0 sqm,"$488,000"
127 Pending Rd S(670127),3-Room,64.0 sqm,"$490,000"
19 Marine Ter S(440019),3-Room,65.0 sqm,"$490,000"
412 Saujana Rd S(670412),4-Room,84.0 sqm,"$490,000"
903 Jurong West St 91 S(640903),4-Room,104.0 sqm,"$494,000"
6 Holland Cl S(271006),3-Room,65.0 sqm,"$495,000"
902 Jurong West St 91 S(640902),4-Room,103.0 sqm,"$495,000"
376 Clementi Ave 4 S(120376),3-Room,82.0 sqm,"$499,888"
265 Yishun St 22 S(760265),4-Room,84.0 sqm,"$499,999"
267 Tampines St 21 S(520267),3-Room,75.0 sqm,"$500,000"
119 Ang Mo Kio Ave 3 S(560119),3-Room,82.0 sqm,"$500,000"
1 Ghim Moh Rd S(270001),3-Room,65.0 sqm,"$500,000"
487 Jurong West Ave 1 S(640487),4-Room,103.0 sqm,"$500,000"
509 West Coast Dr S(120509),4-Room,83.0 sqm,"$500,000"
99 Whampoa Dr S(320099),4-Room,91.0 sqm,"$500,000"
407 Pandan Gdns S(600407),5-Room,104.0 sqm,"$500,000"
673A Jurong West St 65 S(641673),4-Room,86.0 sqm,"$505,000"
172 Woodlands St 13 S(730172),4-Room,91.0 sqm,"$508,000"
718 Jurong West St 71 S(640718),4-Room,103.0 sqm,"$515,000"
206 Jurong East St 21 S(600206),4-Room,94.0 sqm,"$515,000"
123 Mcnair Rd S(320123),3-Room,64.0 sqm,"$520,000"
134 Potong Pasir Ave 3 S(350134),3-Room,74.0 sqm,"$520,000"
151 Ang Mo Kio Ave 5 S(560151),3-Room,68.0 sqm,"$520,000"
235 Ang Mo Kio Ave 3 S(560235),3-Room,82.0 sqm,"$520,000"
4 Tg Pagar Plaza S(081004),3-Room,59.0 sqm,"$520,000"
30 Marine Cres S(440030),3-Room,65.0 sqm,"$520,000"
602 Hougang Ave 4 S(530602),4-Room,84.0 sqm,"$520,000"
123 Bt Batok Ctrl S(650123),4-Room,91.0 sqm,"$520,000"
168A Queensway S(140168),4-Room,84.0 sqm,"$520,000"
104C Canberra St S(753104),3-Room,67.0 sqm,"$525,000"
155 Yung Loh Rd S(610155),4-Room,106.0 sqm,"$525,000"
201 Toa Payoh Nth S(310201),4-Room,87.0 sqm,"$525,000"
513A Yishun St 51 S(761513),3-Room,68.0 sqm,"$528,888"
341 Clementi Ave 5 S(120341),3-Room,82.0 sqm,"$530,000"
469A Admiralty Dr S(751469),4-Room,102.0 sqm,"$530,000"
301 Ubi Ave 1 S(400301),4-Room,83.0 sqm,"$530,000"
624A Woodlands Dr 52 S(731624),4-Room,100.0 sqm,"$530,000"
427 Choa Chu Kang Ave 4 S(680427),4-Room,104.0 sqm,"$530,000"
425 Yishun Ave 11 S(760425),4-Room,104.0 sqm,"$530,000"
5 Tg Pagar Plaza S(081005),3-Room,59.0 sqm,"$535,000"
26 Bendemeer Rd S(330026),3-Room,71.0 sqm,"$535,000"
601 Hougang Ave 4 S(530601),4-Room,84.0 sqm,"$535,000"
148 Yishun St 11 S(760148),4-Room,95.0 sqm,"$535,000"
121 Paya Lebar Way S(381121),4-Room,91.0 sqm,"$535,000"
107 Bt Purmei Rd S(090107),3-Room,67.0 sqm,"$538,000"
226 Choa Chu Kang Ctrl S(680226),4-Room,105.0 sqm,"$538,000"
347 Ubi Ave 1 S(400347),4-Room,84.0 sqm,"$538,000"
35 Marine Cres S(440035),3-Room,59.0 sqm,"$538,888"
208A Punggol Pl S(821208),3-Room,67.0 sqm,"$540,000"
541 Choa Chu Kang St 52 S(680541),4-Room,104.0 sqm,"$540,000"
332 Jurong East Ave 1 S(600332),4-Room,106.0 sqm,"$540,000"
366B Sembawang Cres S(752366),3-Room,68.0 sqm,"$545,000"
721 Yishun St 71 S(760721),4-Room,104.0 sqm,"$549,000"
2 Tg Pagar Plaza S(082002),3-Room,59.0 sqm,"$550,000"
178 Toa Payoh Ctrl S(310178),3-Room,67.0 sqm,"$550,000"
126C Edgedale Plains S(823126),4-Room,85.0 sqm,"$550,000"
651B Jurong West St 61 S(642651),4-Room,90.0 sqm,"$550,000"
473 Sembawang Dr S(750473),4-Room,90.0 sqm,"$550,000"
204 Petir Rd S(670204),4-Room,106.0 sqm,"$550,000"
386 Yishun Ring Rd S(760386),4-Room,104.0 sqm,"$550,000"
408 Bt Batok West Ave 4 S(650408),4-Room,94.0 sqm,"$550,000"
713 Clementi West St 2 S(120713),4-Room,93.0 sqm,"$550,000"
612 Ang Mo Kio Ave 4 S(560612),4-Room,91.0 sqm,"$550,000"
36 Marsiling Dr S(730036),5-Room,124.0 sqm,"$550,000"
36 Marsiling Dr S(730036),5-Room,124.0 sqm,"$550,000"
288 Choa Chu Kang Ave 3 S(680288),4-Room,105.0 sqm,"$555,000"
686A Choa Chu Kang Cres S(681686),5-Room,110.0 sqm,"$555,888"
311B Anchorvale Lane S(542311),4-Room,90.0 sqm,"$558,000"
15 Ghim Moh Rd S(270015),4-Room,82.0 sqm,"$558,000"
131 Bt Batok West Ave 6 S(650131),4-Room,103.0 sqm,"$559,000"
470B Fernvale Link S(792470),3-Room,68.0 sqm,"$560,000"
302B Anchorvale Link S(542302),3-Room,83.0 sqm,"$560,000"
304 Shunfu Rd S(570304),3-Room,67.0 sqm,"$560,000"
504 Woodlands Dr 14 S(730504),4-Room,101.0 sqm,"$560,000"
474 Ang Mo Kio Ave 10 S(560474),4-Room,91.0 sqm,"$560,000"
890C Tampines Ave 1 S(523890),3-Room,69.0 sqm,"$568,000"
542 Woodlands Dr 16 S(730542),4-Room,101.0 sqm,"$568,000"
54 Telok Blangah Dr S(100054),3-Room,88.0 sqm,"$570,000"
677B Jurong West St 64 S(642677),4-Room,90.0 sqm,"$570,000"
171C Edgedale Plains S(823171),4-Room,85.0 sqm,"$570,000"
134 Edgedale Plains S(820134),4-Room,91.0 sqm,"$570,000"
668B Jurong West St 64 S(642668),4-Room,85.0 sqm,"$570,000"
349 Ubi Ave 1 S(400349),4-Room,84.0 sqm,"$570,000"
102 Jln Rajah S(321102),4-Room,94.0 sqm,"$570,000"
433 Clementi Ave 3 S(120433),4-Room,91.0 sqm,"$570,000"
37 Bedok Sth Ave 2 S(460037),4-Room,84.0 sqm,"$570,000"
64 Telok Blangah Dr S(100064),3-Room,82.0 sqm,"$575,000"
618 Senja Rd S(670618),4-Room,90.0 sqm,"$575,000"
271C Jurong West St 24 S(643271),5-Room,112.0 sqm,"$577,000"
582 Woodlands Dr 16 S(730582),5-Room,110.0 sqm,"$577,000"
359B Admiralty Dr S(752359),4-Room,95.0 sqm,"$578,000"
713 Yishun St 71 S(760713),4-Room,103.0 sqm,"$578,000"
4 Holland Cl S(271004),3-Room,65.0 sqm,"$580,000"
133 Edgedale Plains S(820133),4-Room,91.0 sqm,"$580,000"
341B Sembawang Cl S(752341),4-Room,95.0 sqm,"$580,000"
411 Choa Chu Kang Ave 3 S(680411),4-Room,103.0 sqm,"$580,000"
820 Yishun St 81 S(760820),4-Room,104.0 sqm,"$580,000"
339 Bt Batok St 34 S(650339),4-Room,107.0 sqm,"$580,000"
435 Clementi Ave 3 S(120435),4-Room,91.0 sqm,"$580,000"
484 Admiralty Link S(750484),5-Room,110.0 sqm,"$580,000"
402 Admiralty Link S(750402),5-Room,110.0 sqm,"$580,000"
648D Jurong West St 61 S(644648),5-Room,110.0 sqm,"$580,000"
240A Jurong East Ave 1 S(601240),3-Room,68.0 sqm,"$582,000"
353 Yishun Ring Rd S(760353),4-Room,105.0 sqm,"$582,888"
362A Sembawang Cres S(751362),4-Room,93.0 sqm,"$585,000"
232 Compassvale Walk S(540232),4-Room,101.0 sqm,"$585,000"
704 Choa Chu Kang St 53 S(680704),4-Room,107.0 sqm,"$585,000"
461A Bt Batok West Ave 8 S(651461),4-Room,93.0 sqm,"$588,000"
311B Anchorvale Lane S(542311),4-Room,90.0 sqm,"$588,000"
290 Choa Chu Kang Ave 3 S(680290),4-Room,106.0 sqm,"$588,000"
206 Bt Batok St 21 S(650206),4-Room,104.0 sqm,"$588,000"
386 Bt Batok West Ave 5 S(650386),4-Room,92.0 sqm,"$588,888"
808C Chai Chee Rd S(463808),3-Room,68.0 sqm,"$590,000"
143 Pasir Ris St 11 S(510143),4-Room,105.0 sqm,"$590,000"
463 Tampines St 44 S(520463),4-Room,105.0 sqm,"$590,000"
455 Segar Rd S(670455),4-Room,93.0 sqm,"$590,888"
722 Woodlands Ave 6 S(730722),4-Room,103.0 sqm,"$593,000"
461 Segar Rd S(670461),4-Room,93.0 sqm,"$595,000"
684C Woodlands Dr 62 S(733684),4-Room,103.0 sqm,"$595,000"
506 Jelapang Rd S(670506),5-Room,120.0 sqm,"$595,000"
346 Kang Ching Rd S(610346),4-Room,101.0 sqm,"$597,000"
134 Edgedale Plains S(820134),4-Room,91.0 sqm,"$598,000"
352 Kang Ching Rd S(610352),4-Room,102.0 sqm,"$598,000"
610 Ang Mo Kio Ave 4 S(560610),4-Room,95.0 sqm,"$598,000"
109D Edgedale Plains S(824109),5-Room,110.0 sqm,"$598,000"
165B Yung Kuang Rd S(612165),4-Room,93.0 sqm,"$598,888"
116 Pending Rd S(670116),4-Room,103.0 sqm,"$599,000"
25 Sin Ming Rd S(570025),4-Room,88.0 sqm,"$599,000"
134 Edgedale Plains S(820134),5-Room,111.0 sqm,"$599,000"
438A Bt Batok West Ave 8 S(651438),4-Room,93.0 sqm,"$599,999"
445B Fernvale Rd S(792445),3-Room,68.0 sqm,"$600,000"
4 Joo Chiat Rd S(420004),3-Room,75.0 sqm,"$600,000"
785C Woodlands Rise S(733785),4-Room,93.0 sqm,"$600,000"
488A Choa Chu Kang Ave 5 S(681488),4-Room,93.0 sqm,"$600,000"
22 Teban Gdns Rd S(600022),4-Room,92.0 sqm,"$600,000"
130 Rivervale St S(540130),4-Room,100.0 sqm,"$600,000"
601 Senja Rd S(670601),4-Room,90.0 sqm,"$600,000"
311 Yishun Ring Rd S(760311),4-Room,104.0 sqm,"$600,000"
764 Yishun St 72 S(760764),4-Room,104.0 sqm,"$600,000"
410 C'wealth Ave West S(120410),4-Room,98.0 sqm,"$600,000"
201B Punggol Field S(822201),5-Room,110.0 sqm,"$600,000"
469 Segar Rd S(670469),5-Room,110.0 sqm,"$600,000"
465 Segar Rd S(670465),5-Room,110.0 sqm,"$600,000"
276B Jurong West Ave 3 S(642276),5-Room,111.0 sqm,"$600,000"
3 Queen's Rd S(260003),4-Room,91.0 sqm,"$608,000"
448 Yishun Ring Rd S(760448),4-Room,92.0 sqm,"$609,000"
208B Clementi Ave 6 S(122208),3-Room,68.0 sqm,"$610,000"
439C Bt Batok West Ave 8 S(653439),4-Room,93.0 sqm,"$610,000"
807C Choa Chu Kang Ave 1 S(683807),4-Room,92.0 sqm,"$610,000"
456 Hougang Ave 10 S(530456),4-Room,104.0 sqm,"$610,000"
422 Canberra Rd S(750422),5-Room,110.0 sqm,"$610,000"
354 Hougang Ave 7 S(530354),4-Room,93.0 sqm,"$615,000"
417 Canberra Rd S(750417),5-Room,110.0 sqm,"$615,000"
306 Choa Chu Kang Ave 4 S(680306),4-Room,109.0 sqm,"$618,000"
474 Segar Rd S(670474),5-Room,111.0 sqm,"$618,000"
553 Jurong West St 42 S(640553),5-Room,133.0 sqm,"$618,000"
26 Ghim Moh Link S(270026),2-Room,47.0 sqm,"$620,000"
116B Jln Tenteram S(322116),3-Room,67.0 sqm,"$620,000"
58 Dakota Cres S(390058),3-Room,74.0 sqm,"$620,000"
115B Canberra Walk S(752115),4-Room,93.0 sqm,"$620,000"
342 Tampines St 33 S(520342),4-Room,111.0 sqm,"$620,000"
526 Hougang Ave 6 S(530526),4-Room,84.0 sqm,"$620,000"
116 Bedok Reservoir Rd S(470116),4-Room,91.0 sqm,"$620,000"
211 Serangoon Ave 4 S(550211),4-Room,93.0 sqm,"$620,000"
470 Segar Rd S(670470),5-Room,110.0 sqm,"$620,000"
268A Boon Lay Dr S(641268),5-Room,111.0 sqm,"$620,000"
682C Jurong West Ctrl 1 S(643682),5-Room,115.0 sqm,"$620,000"
165 Woodlands St 13 S(730165),5-Room,121.0 sqm,"$620,000"
349 Tampines St 33 S(520349),4-Room,107.0 sqm,"$627,000"
287A Compassvale Cres S(541287),4-Room,96.0 sqm,"$628,000"
746 Pasir Ris St 71 S(510746),4-Room,104.0 sqm,"$628,000"
274C Jurong West St 25 S(643274),Executive,126.0 sqm,"$628,888"
296C Bt Batok St 22 S(653296),4-Room,92.0 sqm,"$629,000"
107C Canberra St S(753107),4-Room,93.0 sqm,"$630,000"
502A Yishun St 51 S(761502),4-Room,92.0 sqm,"$630,000"
451A Sengkang West Way S(791451),4-Room,92.0 sqm,"$630,000"
978D Buangkok Cres S(536978),4-Room,90.0 sqm,"$630,000"
574 Hougang St 51 S(530574),4-Room,98.0 sqm,"$630,000"
142 Jln Bt Merah S(160142),4-Room,92.0 sqm,"$630,000"
95 Geylang Bahru S(330095),4-Room,92.0 sqm,"$630,000"
62 Teban Gdns Rd S(600062),5-Room,110.0 sqm,"$630,000"
501B Wellington Circle S(752501),5-Room,110.0 sqm,"$630,000"
589 Woodlands Dr 16 S(730589),5-Room,111.0 sqm,"$630,000"
186A Rivervale Dr S(541186),5-Room,110.0 sqm,"$630,000"
769 Woodlands Dr 60 S(730769),5-Room,120.0 sqm,"$630,000"
864 Jurong West St 81 S(640864),5-Room,124.0 sqm,"$630,000"
253 Tampines St 21 S(521253),4-Room,104.0 sqm,"$635,000"
311A Clementi Ave 4 S(121311),3-Room,60.0 sqm,"$638,000"
439B Sengkang West Ave S(792439),4-Room,94.0 sqm,"$638,000"
638 Choa Chu Kang St 64 S(680638),4-Room,100.0 sqm,"$638,000"
138 Bishan St 12 S(570138),4-Room,84.0 sqm,"$638,000"
149 Bedok Reservoir Rd S(470149),4-Room,84.0 sqm,"$638,000"
652B Jurong West St 61 S(642652),5-Room,110.0 sqm,"$638,000"
623 Jurong West St 61 S(640623),5-Room,110.0 sqm,"$638,000"
664A Jurong West St 64 S(641664),5-Room,110.0 sqm,"$638,000"
430 Choa Chu Kang Ave 4 S(680430),5-Room,124.0 sqm,"$638,000"
523 Jelapang Rd S(670523),4-Room,103.0 sqm,"$638,666"
285B Toh Guan Rd S(602285),4-Room,100.0 sqm,"$639,000"
176A Edgefield Plains S(821176),5-Room,110.0 sqm,"$640,000"
673C Jurong West St 65 S(643673),5-Room,111.0 sqm,"$640,000"
367 Corporation Dr S(610367),5-Room,122.0 sqm,"$640,000"
105B Edgefield Plains S(822105),5-Room,110.0 sqm,"$645,000"
637B Punggol Dr S(822637),4-Room,90.0 sqm,"$646,000"
362A Sembawang Cres S(751362),4-Room,93.0 sqm,"$648,000"
450C Bt Batok West Ave 6 S(653450),4-Room,93.0 sqm,"$648,000"
224A Sumang Lane S(821224),4-Room,93.0 sqm,"$648,000"
168A Punggol East S(821168),4-Room,92.0 sqm,"$648,000"
114 Pasir Ris St 11 S(510114),4-Room,111.0 sqm,"$648,000"
158 Tampines St 12 S(521158),4-Room,91.0 sqm,"$648,000"
555 Jurong West St 42 S(640555),5-Room,135.0 sqm,"$648,000"
258A Punggol Field S(821258),4-Room,93.0 sqm,"$648,888"
33 Ghim Moh Link S(270033),3-Room,68.0 sqm,"$650,000"
117B Jln Tenteram S(322117),3-Room,67.0 sqm,"$650,000"
50 C'wealth Dr S(142050),3-Room,63.0 sqm,"$650,000"
475A Upp Serangoon Cres S(531475),3-Room,67.0 sqm,"$650,000"
435C Bt Batok West Ave 5 S(653435),4-Room,93.0 sqm,"$650,000"
453A Bt Batok West Ave 6 S(651453),4-Room,93.0 sqm,"$650,000"
103A Depot Rd S(101103),4-Room,100.0 sqm,"$650,000"
17A Telok Blangah Cres S(091017),4-Room,101.0 sqm,"$650,000"
141 Simei St 2 S(520141),4-Room,104.0 sqm,"$650,000"
166 Tampines St 12 S(521166),4-Room,103.0 sqm,"$650,000"
720 Bedok Reservoir Rd S(470720),4-Room,104.0 sqm,"$650,000"
334 Hougang Ave 5 S(530334),4-Room,104.0 sqm,"$650,000"
336 Ang Mo Kio Ave 1 S(560336),4-Room,91.0 sqm,"$650,000"
637 Jurong West St 61 S(640637),5-Room,110.0 sqm,"$650,000"
128A Punggol Field Walk S(821128),5-Room,110.0 sqm,"$650,000"
318A Anchorvale Link S(541318),5-Room,110.0 sqm,"$650,000"
589C Montreal Dr S(753589),5-Room,110.0 sqm,"$650,000"
465 Segar Rd S(670465),5-Room,110.0 sqm,"$650,000"
688B Choa Chu Kang Dr S(682688),5-Room,110.0 sqm,"$650,000"
602 Jurong West St 62 S(640602),5-Room,115.0 sqm,"$650,000"
227A Compassvale Dr S(541227),5-Room,122.0 sqm,"$650,000"
678 Choa Chu Kang Cres S(680678),5-Room,122.0 sqm,"$650,000"
756 Woodlands Ave 4 S(730756),5-Room,122.0 sqm,"$650,000"
517 Choa Chu Kang St 51 S(680517),5-Room,121.0 sqm,"$650,000"
240 Yishun Ring Rd S(760240),5-Room,121.0 sqm,"$650,000"
323D Sumang Walk S(824323),4-Room,93.0 sqm,"$655,000"
104B Canberra St S(752104),4-Room,93.0 sqm,"$655,000"
354A Admiralty Dr S(751354),5-Room,110.0 sqm,"$655,000"
98 Bedok Nth Ave 4 S(460098),5-Room,120.0 sqm,"$655,000"
262 Toa Payoh East S(310262),3-Room,68.0 sqm,"$656,000"
574B Woodlands Dr 16 S(732574),4-Room,93.0 sqm,"$658,000"
561A Jurong West St 42 S(641561),4-Room,93.0 sqm,"$658,000"
31 Eunos Cres S(400031),3-Room,60.0 sqm,"$658,888"
162A Rivervale Cres S(541162),4-Room,93.0 sqm,"$658,888"
290B Compassvale Cres S(542290),4-Room,90.0 sqm,"$658,888"
224B Sumang Lane S(822224),4-Room,93.0 sqm,"$660,000"
441A Fernvale Rd S(791441),4-Room,93.0 sqm,"$660,000"
257B Compassvale Rd S(542257),4-Room,85.0 sqm,"$660,000"
304 Ang Mo Kio Ave 1 S(560304),4-Room,98.0 sqm,"$660,000"
807C Choa Chu Kang Ave 1 S(683807),5-Room,112.0 sqm,"$660,000"
979A Buangkok Cres S(531979),5-Room,110.0 sqm,"$660,000"
352B Canberra Rd S(752352),5-Room,110.0 sqm,"$660,000"
758 Woodlands Ave 6 S(730758),5-Room,123.0 sqm,"$660,000"
795 Woodlands Dr 72 S(730795),5-Room,123.0 sqm,"$660,000"
337 Ubi Ave 1 S(400337),5-Room,122.0 sqm,"$660,000"
336C Anchorvale Cres S(543336),4-Room,92.0 sqm,"$665,000"
678C Punggol Dr S(823678),4-Room,93.0 sqm,"$668,000"
702 Pasir Ris Dr 10 S(510702),4-Room,112.0 sqm,"$668,000"
303 Yishun Ctrl S(760303),4-Room,105.0 sqm,"$668,000"
22 Boon Keng Rd S(330022),4-Room,88.0 sqm,"$668,000"
450 Bt Panjang Ring Rd S(670450),5-Room,121.0 sqm,"$668,000"
339 Hougang Ave 7 S(530339),5-Room,121.0 sqm,"$668,000"
625B Woodlands Dr 52 S(732625),5-Room,124.0 sqm,"$668,888"
635C Punggol Dr S(823635),4-Room,93.0 sqm,"$670,000"
633A Punggol Dr S(821633),4-Room,92.0 sqm,"$670,000"
116 Simei St 1 S(520116),4-Room,104.0 sqm,"$670,000"
43 Cambridge Rd S(210043),4-Room,91.0 sqm,"$670,000"
107B Edgefield Plains S(822107),5-Room,110.0 sqm,"$670,000"
310B Anchorvale Rd S(542310),5-Room,113.0 sqm,"$675,000"
612D Punggol Dr S(824612),4-Room,93.0 sqm,"$679,000"
354A Admiralty Dr S(751354),5-Room,113.0 sqm,"$679,000"
423 Clementi Ave 1 S(120423),3-Room,70.0 sqm,"$680,000"
8 Boon Keng Rd S(330008),3-Room,68.0 sqm,"$680,000"
438B Sengkang West Ave S(792438),4-Room,94.0 sqm,"$680,000"
733 Tampines St 71 S(520733),4-Room,103.0 sqm,"$680,000"
713 Tampines St 71 S(520713),4-Room,99.0 sqm,"$680,000"
453 Hougang Ave 10 S(530453),4-Room,104.0 sqm,"$680,000"
116 Simei St 1 S(520116),4-Room,104.0 sqm,"$680,000"
104 Bt Purmei Rd S(090104),4-Room,105.0 sqm,"$680,000"
389 Bt Batok West Ave 5 S(650389),5-Room,118.0 sqm,"$680,000"
258C Compassvale Rd S(543258),5-Room,110.0 sqm,"$680,000"
144 Rivervale Dr S(540144),5-Room,116.0 sqm,"$680,000"
701 Woodlands Dr 40 S(730701),5-Room,119.0 sqm,"$680,000"
355 Tampines St 33 S(520355),5-Room,122.0 sqm,"$680,000"
410 Saujana Rd S(670410),5-Room,123.0 sqm,"$680,000"
775 Yishun Ring Rd S(760775),5-Room,121.0 sqm,"$680,000"
231 Yishun St 21 S(760231),5-Room,121.0 sqm,"$680,000"
90 Bedok Nth St 4 S(460090),5-Room,117.0 sqm,"$680,000"
18 Jln Tenteram S(321018),4-Room,85.0 sqm,"$685,000"
477B Upp Serangoon View S(532477),4-Room,92.0 sqm,"$688,000"
453C Fernvale Rd S(793453),4-Room,92.0 sqm,"$688,000"
441A Fernvale Rd S(791441),4-Room,94.0 sqm,"$688,000"
301B Punggol Ctrl S(822301),4-Room,93.0 sqm,"$688,000"
223 Serangoon Ave 4 S(550223),4-Room,92.0 sqm,"$688,000"
229 Compassvale Walk S(540229),5-Room,123.0 sqm,"$688,000"
7 Teck Whye Ave S(680007),5-Room,132.0 sqm,"$688,000"
53 Chai Chee St S(460053),5-Room,121.0 sqm,"$688,000"
473D Upp Serangoon Cres S(538473),4-Room,93.0 sqm,"$688,888"
264D Compassvale Bow S(544264),4-Room,92.0 sqm,"$688,888"
111 Ang Mo Kio Ave 4 S(560111),5-Room,117.0 sqm,"$688,888"
95B Henderson Rd S(152095),3-Room,68.0 sqm,"$690,000"
44 Moh Guan Ter S(161044),3-Room,60.0 sqm,"$690,000"
450B Bt Batok West Ave 6 S(652450),4-Room,93.0 sqm,"$690,000"
574B Woodlands Dr 16 S(732574),4-Room,93.0 sqm,"$690,000"
622C Punggol Ctrl S(823622),4-Room,94.0 sqm,"$690,000"
623B Punggol Ctrl S(822623),4-Room,94.0 sqm,"$690,000"
176 Lompang Rd S(670176),4-Room,101.0 sqm,"$690,000"
546 Hougang St 51 S(530546),4-Room,103.0 sqm,"$690,000"
166B Punggol Ctrl S(822166),5-Room,114.0 sqm,"$690,000"
260C Sengkang East Way S(543260),5-Room,110.0 sqm,"$690,000"
966 Hougang Ave 9 S(530966),5-Room,115.0 sqm,"$690,000"
169 Woodlands St 11 S(730169),5-Room,123.0 sqm,"$690,000"
492G Tampines St 45 S(527492),4-Room,92.0 sqm,"$695,000"
288A Compassvale Cres S(541288),4-Room,93.0 sqm,"$695,000"
166B Yung Kuang Rd S(612166),5-Room,113.0 sqm,"$695,000"
153 Gangsa Rd S(670153),5-Room,121.0 sqm,"$695,000"
832 Jurong West St 81 S(640832),5-Room,126.0 sqm,"$695,000"
636B Senja Rd S(672636),4-Room,92.0 sqm,"$696,299"
646 Punggol Ctrl S(820646),5-Room,110.0 sqm,"$698,000"
329 Tah Ching Rd S(610329),5-Room,121.0 sqm,"$698,000"
661C Edgedale Plains S(823661),4-Room,92.0 sqm,"$699,000"
258C Compassvale Rd S(543258),5-Room,110.0 sqm,"$699,000"
53 Geylang Bahru S(330053),5-Room,114.0 sqm,"$699,000"
494J Tampines St 45 S(529494),4-Room,92.0 sqm,"$699,800"
310A Punggol Walk S(821310),4-Room,92.0 sqm,"$699,888"
107D Edgefield Plains S(824107),5-Room,110.0 sqm,"$699,999"
322C Sumang Walk S(823322),4-Room,93.0 sqm,"$700,000"
494J Tampines St 45 S(529494),4-Room,92.0 sqm,"$700,000"
932B Hougang Ave 9 S(532932),4-Room,92.0 sqm,"$700,000"
614B Edgefield Plains S(822614),4-Room,92.0 sqm,"$700,000"
212B Compassvale Dr S(542212),4-Room,99.0 sqm,"$700,000"
202 Compassvale Dr S(540202),4-Room,85.0 sqm,"$700,000"
101 Simei St 1 S(520101),4-Room,104.0 sqm,"$700,000"
143 Potong Pasir Ave 2 S(350143),4-Room,104.0 sqm,"$700,000"
76 Marine Dr S(440076),4-Room,82.0 sqm,"$700,000"
74 Marine Dr S(440074),4-Room,82.0 sqm,"$700,000"
75 Marine Dr S(440075),4-Room,82.0 sqm,"$700,000"
63 Marine Dr S(440063),4-Room,87.0 sqm,"$700,000"
217A Boon Lay Ave S(641217),5-Room,121.0 sqm,"$700,000"
405B Fernvale Lane S(792405),5-Room,112.0 sqm,"$700,000"
176A Edgefield Plains S(821176),5-Room,111.0 sqm,"$700,000"
538 Woodlands Dr 16 S(730538),5-Room,120.0 sqm,"$700,000"
658 Choa Chu Kang Cres S(680658),5-Room,125.0 sqm,"$700,000"
916 Hougang Ave 9 S(530916),5-Room,120.0 sqm,"$700,000"
895A Woodlands Dr 50 S(730895),5-Room,117.0 sqm,"$700,000"
703 Choa Chu Kang St 53 S(680703),5-Room,121.0 sqm,"$700,000"
140 Pasir Ris St 11 S(510140),5-Room,127.0 sqm,"$700,000"
272 Yishun St 22 S(760272),5-Room,122.0 sqm,"$700,000"
559 Jurong West St 42 S(640559),5-Room,137.0 sqm,"$700,000"
552 Ang Mo Kio Ave 10 S(560552),5-Room,119.0 sqm,"$700,000"
450 Bt Panjang Ring Rd S(670450),5-Room,120.0 sqm,"$703,999"
334B Yishun St 31 S(762334),5-Room,112.0 sqm,"$705,000"
621 Senja Rd S(670621),5-Room,111.0 sqm,"$705,000"
457B Sengkang West Rd S(792457),4-Room,93.0 sqm,"$708,000"
140C Corporation Dr S(613140),4-Room,93.0 sqm,"$708,000"
665A Punggol Dr S(821665),4-Room,93.0 sqm,"$708,000"
272D Sengkang Ctrl S(544272),4-Room,90.0 sqm,"$708,000"
138 Pasir Ris St 11 S(510138),5-Room,126.0 sqm,"$708,000"
260 Bishan St 22 S(570260),4-Room,104.0 sqm,"$709,000"
862 Woodlands St 83 S(730862),5-Room,127.0 sqm,"$709,000"
323B Sumang Walk S(822323),4-Room,93.0 sqm,"$710,000"
289A Compassvale Cres S(541289),4-Room,93.0 sqm,"$710,000"
604A Punggol Rd S(821604),4-Room,93.0 sqm,"$710,000"
171B Edgedale Plains S(822171),5-Room,110.0 sqm,"$710,888"
530 Jelapang Rd S(670530),5-Room,121.0 sqm,"$712,000"
183C Rivervale Cres S(543183),5-Room,110.0 sqm,"$715,000"
354 Choa Chu Kang Ctrl S(680354),5-Room,126.0 sqm,"$715,000"
676B Punggol Dr S(822676),4-Room,93.0 sqm,"$715,088"
183 Bedok Nth Rd S(460183),4-Room,92.0 sqm,"$720,000"
17A Telok Blangah Cres S(091017),4-Room,100.0 sqm,"$720,000"
707 Tampines St 71 S(520707),4-Room,102.0 sqm,"$720,000"
228 Bishan St 23 S(570228),4-Room,105.0 sqm,"$720,000"
446A Bt Batok West Ave 8 S(651446),5-Room,112.0 sqm,"$720,000"
997B Buangkok Cres S(532997),5-Room,113.0 sqm,"$720,000"
336C Anchorvale Cres S(543336),5-Room,111.0 sqm,"$720,000"
432A Yishun Ave 1 S(761432),5-Room,112.0 sqm,"$720,000"
388 Bt Batok West Ave 5 S(650388),5-Room,118.0 sqm,"$720,000"
512 Hougang Ave 10 S(530512),5-Room,121.0 sqm,"$720,000"
1 Marsiling Dr S(730001),5-Room,151.0 sqm,"$720,000"
671A Jurong West St 65 S(641671),Executive,126.0 sqm,"$723,000"
314A Punggol Way S(821314),4-Room,93.0 sqm,"$725,000"
106 Towner Rd S(322106),4-Room,109.0 sqm,"$725,000"
296 Punggol Ctrl S(820296),5-Room,110.0 sqm,"$725,000"
267A Compassvale Link S(541267),4-Room,91.0 sqm,"$728,000"
405 Serangoon Ave 1 S(550405),4-Room,94.0 sqm,"$728,000"
203A Punggol Field S(821203),5-Room,110.0 sqm,"$728,000"
268C Punggol Field S(823268),4-Room,93.0 sqm,"$728,888"
451B Bt Batok West Ave 6 S(652451),5-Room,113.0 sqm,"$728,888"
473 Segar Rd S(670473),Executive,128.0 sqm,"$729,000"
29 Ghim Moh Link S(270029),3-Room,68.0 sqm,"$729,999"
185 Bishan St 13 S(570185),4-Room,85.0 sqm,"$729,999"
604A Tampines Ave 9 S(521604),4-Room,92.0 sqm,"$730,000"
602 Hougang Ave 4 S(530602),4-Room,104.0 sqm,"$730,000"
506A Yishun Ave 4 S(761506),5-Room,113.0 sqm,"$730,000"
288A Bt Batok St 25 S(650288),5-Room,122.0 sqm,"$730,000"
288G Bt Batok St 25 S(656288),5-Room,120.0 sqm,"$730,000"
130A Lor 1 Toa Payoh S(311130),3-Room,68.0 sqm,"$735,000"
289B Punggol Pl S(822289),4-Room,98.0 sqm,"$735,000"
201 Bt Batok St 21 S(650201),5-Room,133.0 sqm,"$736,888"
243 Serangoon Ave 2 S(550243),4-Room,89.0 sqm,"$738,000"
408B Fernvale Rd S(792408),5-Room,115.0 sqm,"$738,000"
277 Toh Guan Rd S(600277),5-Room,121.0 sqm,"$738,000"
892B Woodlands Dr 50 S(731892),5-Room,119.0 sqm,"$738,000"
121 Serangoon Nth Ave 1 S(550121),5-Room,121.0 sqm,"$738,000"
111 Jurong East St 13 S(600111),5-Room,120.0 sqm,"$738,000"
314 Serangoon Ave 2 S(550314),4-Room,93.0 sqm,"$740,000"
225 Pasir Ris St 21 S(510225),5-Room,126.0 sqm,"$740,000"
518 Jurong West St 52 S(640518),4-Room,106.0 sqm,"$744,444"
171B Edgedale Plains S(822171),5-Room,110.0 sqm,"$748,000"
507D Wellington Circle S(754507),Executive,130.0 sqm,"$748,000"
134 Jln Bt Merah S(160134),4-Room,105.0 sqm,"$748,888"
405B Fernvale Lane S(792405),5-Room,112.0 sqm,"$749,000"
26A St. George's Lane S(321026),3-Room,68.0 sqm,"$750,000"
263 Toa Payoh East S(310263),3-Room,68.0 sqm,"$750,000"
325A Sumang Walk S(821325),4-Room,93.0 sqm,"$750,000"
807B Chai Chee Rd S(462807),4-Room,93.0 sqm,"$750,000"
270B Punggol Field S(822270),4-Room,97.0 sqm,"$750,000"
290 Bishan St 24 S(570290),4-Room,102.0 sqm,"$750,000"
254 Bishan St 22 S(570254),4-Room,112.0 sqm,"$750,000"
145 Bishan St 11 S(570145),4-Room,102.0 sqm,"$750,000"
123 Bishan St 12 S(570123),4-Room,84.0 sqm,"$750,000"
138 Potong Pasir Ave 3 S(350138),4-Room,103.0 sqm,"$750,000"
34 Cassia Cres S(390034),4-Room,93.0 sqm,"$750,000"
121D Canberra St S(754121),5-Room,113.0 sqm,"$750,000"
171B Edgedale Plains S(822171),5-Room,110.0 sqm,"$750,000"
541 Woodlands Dr 16 S(730541),5-Room,121.0 sqm,"$750,000"
486A Tampines Ave 9 S(520486),5-Room,128.0 sqm,"$750,000"
130 Simei St 1 S(520130),5-Room,122.0 sqm,"$750,000"
61 New Upp Changi Rd S(461061),5-Room,118.0 sqm,"$750,000"
139 Jln Bt Merah S(160139),4-Room,109.0 sqm,"$758,000"
196 Bishan St 13 S(570196),4-Room,84.0 sqm,"$759,000"
191 Bt Batok West Ave 6 S(650191),5-Room,120.0 sqm,"$759,000"
82B Circuit Rd S(372082),3-Room,68.0 sqm,"$760,000"
42 Kim Cheng St S(161042),3-Room,88.0 sqm,"$760,000"
296A Bt Batok St 22 S(651296),4-Room,92.0 sqm,"$760,000"
264D Compassvale Bow S(544264),4-Room,92.0 sqm,"$760,000"
88 Telok Blangah Hts S(100088),4-Room,85.0 sqm,"$760,000"
352 Ang Mo Kio St 32 S(560352),4-Room,95.0 sqm,"$760,000"
259 Kim Keat Ave S(310259),4-Room,104.0 sqm,"$760,000"
614 Elias Rd S(510614),5-Room,134.0 sqm,"$760,000"
354 Bt Batok St 31 S(650354),Executive,140.0 sqm,"$760,000"
164C Rivervale Cres S(543164),5-Room,113.0 sqm,"$763,000"
859 Jurong West St 81 S(640859),Executive,142.0 sqm,"$767,000"
268C Punggol Field S(823268),4-Room,97.0 sqm,"$768,000"
114 Bishan St 12 S(570114),4-Room,84.0 sqm,"$768,000"
440D Bt Batok West Ave 8 S(654440),5-Room,112.0 sqm,"$768,000"
122 Pasir Ris St 11 S(510122),5-Room,132.0 sqm,"$769,000"
271A Punggol Walk S(821271),4-Room,93.0 sqm,"$770,000"
997C Buangkok Cres S(534997),5-Room,113.0 sqm,"$770,000"
628 Jurong West St 65 S(640628),Executive,130.0 sqm,"$770,000"
656B Jurong West St 61 S(642656),Executive,133.0 sqm,"$770,000"
589 Woodlands Dr 16 S(730589),Executive,131.0 sqm,"$775,000"
263 Toa Payoh East S(310263),3-Room,68.0 sqm,"$777,000"
632 Choa Chu Kang Nth 6 S(680632),5-Room,127.0 sqm,"$777,000"
292B Bt Batok East Ave 6 S(652292),4-Room,93.0 sqm,"$780,000"
14B Lor 7 Toa Payoh S(312014),4-Room,104.0 sqm,"$780,000"
16 Toh Yi Dr S(590016),4-Room,104.0 sqm,"$780,000"
7 Tg Pagar Plaza S(081007),4-Room,83.0 sqm,"$780,000"
513B Yishun St 51 S(762513),5-Room,113.0 sqm,"$780,000"
121B Canberra St S(752121),5-Room,113.0 sqm,"$780,000"
212A Compassvale Dr S(541212),5-Room,118.0 sqm,"$780,000"
167 Hougang Ave 1 S(530167),5-Room,123.0 sqm,"$780,000"
485A Tampines Ave 9 S(520485),5-Room,125.0 sqm,"$780,000"
872 Yishun St 81 S(760872),5-Room,122.0 sqm,"$780,000"
101 Ang Mo Kio Ave 3 S(560101),5-Room,117.0 sqm,"$780,000"
117A Rivervale Dr S(541117),Executive,130.0 sqm,"$780,000"
122C Sengkang East Way S(543122),Executive,131.0 sqm,"$780,000"
841 Jurong West St 81 S(640841),Executive,147.0 sqm,"$780,000"
175A Yung Kuang Rd S(611175),5-Room,113.0 sqm,"$785,000"
264E Compassvale Bow S(548264),4-Room,92.0 sqm,"$788,000"
650 Jln Tenaga S(410650),4-Room,108.0 sqm,"$788,000"
238 Lor 1 Toa Payoh S(310238),4-Room,103.0 sqm,"$788,000"
726 Tampines St 71 S(520726),5-Room,120.0 sqm,"$788,000"
710 Bedok Reservoir Rd S(470710),5-Room,125.0 sqm,"$788,000"
31 Bedok Sth Ave 2 S(460031),5-Room,118.0 sqm,"$788,000"
666B Jurong West St 65 S(642666),Executive,130.0 sqm,"$788,000"
83A Circuit Rd S(371083),3-Room,68.0 sqm,"$788,888"
56 Strathmore Ave S(140056),4-Room,85.0 sqm,"$788,888"
158 Yung Loh Rd S(610158),5-Room,126.0 sqm,"$788,888"
140 Jln Bt Merah S(160140),5-Room,119.0 sqm,"$788,888"
461C Bt Batok West Ave 8 S(653461),5-Room,114.0 sqm,"$790,000"
286B Compassvale Cres S(542286),5-Room,113.0 sqm,"$790,000"
416C Fernvale Link S(793416),5-Room,113.0 sqm,"$790,000"
326B Anchorvale Rd S(542326),5-Room,112.0 sqm,"$790,000"
386 Bt Batok West Ave 5 S(650386),5-Room,118.0 sqm,"$790,000"
246 Pasir Ris St 21 S(510246),Executive,147.0 sqm,"$790,000"
282C Sengkang East Ave S(543282),4-Room,92.0 sqm,"$795,000"
936 Hougang St 92 S(530936),5-Room,121.0 sqm,"$795,000"
232 Tampines St 21 S(521232),5-Room,123.0 sqm,"$795,000"
762 Bedok Reservoir View S(470762),4-Room,105.0 sqm,"$798,000"
684C Edgedale Plains S(823684),5-Room,113.0 sqm,"$798,000"
521 Ang Mo Kio Ave 5 S(560521),5-Room,118.0 sqm,"$798,000"
163 Yung Ping Rd S(610163),Executive,143.0 sqm,"$798,000"
36 Moh Guan Ter S(161036),3-Room,88.0 sqm,"$799,000"
107 Gangsa Rd S(670107),Executive,144.0 sqm,"$799,000"
676B Yishun Ring Rd S(762676),5-Room,120.0 sqm,"$799,999"
113B Mcnair Rd S(323113),3-Room,68.0 sqm,"$800,000"
473C Upp Serangoon Cres S(533473),4-Room,93.0 sqm,"$800,000"
890B Tampines Ave 1 S(522890),4-Room,93.0 sqm,"$800,000"
348A Yishun Ave 11 S(761348),4-Room,92.0 sqm,"$800,000"
408A Fernvale Rd S(791408),4-Room,95.0 sqm,"$800,000"
10 Lor 7 Toa Payoh S(310010),4-Room,104.0 sqm,"$800,000"
38 Jln Rumah Tinggi S(150038),4-Room,99.0 sqm,"$800,000"
454 Sin Ming Ave S(570454),4-Room,105.0 sqm,"$800,000"
107 Potong Pasir Ave 1 S(350107),4-Room,104.0 sqm,"$800,000"
672B Klang Lane S(212672),5-Room,105.0 sqm,"$800,000"
323 Yishun Ctrl S(760323),5-Room,122.0 sqm,"$800,000"
359A Admiralty Dr S(751359),Executive,131.0 sqm,"$800,000"
724 Yishun St 71 S(760724),Executive,146.0 sqm,"$800,000"
323 Jurong East St 31 S(600323),Executive,149.0 sqm,"$800,000"
407 Jurong West St 42 S(640407),Executive,150.0 sqm,"$800,000"
548 Jurong West St 42 S(640548),Executive,150.0 sqm,"$800,000"
664B Punggol Dr S(822664),5-Room,110.0 sqm,"$805,000"
156 Hougang St 11 S(530156),5-Room,123.0 sqm,"$807,288"
82 Lor 4 Toa Payoh S(310082),4-Room,104.0 sqm,"$808,000"
956 Hougang St 91 S(530956),5-Room,115.0 sqm,"$808,000"
423 Canberra Rd S(750423),Executive,130.0 sqm,"$808,000"
392 Yishun Ave 6 S(760392),Executive,142.0 sqm,"$808,000"
548 Jurong West St 42 S(640548),Executive,148.0 sqm,"$808,000"
277B Compassvale Link S(542277),4-Room,90.0 sqm,"$808,888"
393 Tampines Ave 7 S(520393),5-Room,127.0 sqm,"$810,000"
117 Bt Batok West Ave 6 S(650117),5-Room,132.0 sqm,"$810,000"
836 Hougang Ctrl S(530836),4-Room,100.0 sqm,"$812,000"
138 Bishan St 12 S(570138),5-Room,119.0 sqm,"$815,000"
10B Bendemeer Rd S(332010),3-Room,68.0 sqm,"$818,000"
266D Punggol Way S(824266),5-Room,111.0 sqm,"$818,000"
513 Woodlands Dr 14 S(730513),5-Room,125.0 sqm,"$818,000"
706 Tampines St 71 S(520706),5-Room,120.0 sqm,"$818,000"
17 Dover Cres S(130017),4-Room,92.0 sqm,"$820,000"
401 Serangoon Ave 1 S(550401),4-Room,103.0 sqm,"$820,000"
191 Bishan St 13 S(570191),4-Room,83.0 sqm,"$820,000"
684C Edgedale Plains S(823684),5-Room,113.0 sqm,"$820,000"
122B Edgedale Plains S(822122),5-Room,112.0 sqm,"$820,000"
662C Edgedale Plains S(823662),5-Room,112.0 sqm,"$820,000"
222 Ang Mo Kio Ave 1 S(560222),5-Room,126.0 sqm,"$820,000"
835 Hougang Ctrl S(530835),5-Room,122.0 sqm,"$820,000"
337 Clementi Ave 2 S(120337),5-Room,119.0 sqm,"$820,000"
33 Chai Chee Ave S(461033),5-Room,117.0 sqm,"$820,000"
650 Senja Link S(670650),Executive,130.0 sqm,"$820,000"
682A Jurong West Ctrl 1 S(641682),Executive,134.0 sqm,"$820,000"
665B Jurong West St 64 S(642665),Executive,130.0 sqm,"$820,000"
189C Rivervale Dr S(543189),Executive,131.0 sqm,"$820,000"
804 Woodlands St 81 S(730804),Executive,146.0 sqm,"$820,000"
469B Sengkang West Way S(792469),5-Room,113.0 sqm,"$825,000"
290C Bt Batok East Ave 3 S(650290),Executive,142.0 sqm,"$825,000"
807C Chai Chee Rd S(463807),4-Room,93.0 sqm,"$828,000"
807A Chai Chee Rd S(461807),4-Room,93.0 sqm,"$828,000"
197D Boon Lay Dr S(644197),5-Room,113.0 sqm,"$828,000"
146 Rivervale Dr S(540146),5-Room,116.0 sqm,"$828,000"
15 Eunos Cres S(400015),5-Room,117.0 sqm,"$828,000"
217A Compassvale Dr S(541217),4-Room,92.0 sqm,"$830,000"
528C Pasir Ris St 51 S(513528),4-Room,93.0 sqm,"$830,000"
144 Lor 2 Toa Payoh S(310144),4-Room,90.0 sqm,"$830,000"
239 Serangoon Ave 2 S(550239),4-Room,105.0 sqm,"$830,000"
206 Pasir Ris St 21 S(510206),Executive,148.0 sqm,"$830,000"
804 Woodlands St 81 S(730804),Executive,149.0 sqm,"$830,000"
542 Bt Batok St 52 S(650542),Executive,146.0 sqm,"$835,000"
183B Woodlands St 13 S(732183),5-Room,120.0 sqm,"$838,000"
310 Yishun Ring Rd S(760310),5-Room,123.0 sqm,"$838,000"
409 Serangoon Ctrl S(550409),4-Room,94.0 sqm,"$838,998"
181 Jelebu Rd S(670181),4-Room,94.0 sqm,"$840,000"
316A Anchorvale Link S(541316),Executive,125.0 sqm,"$848,000"
162 Yung Ping Rd S(610162),Executive,148.0 sqm,"$849,000"
82A Circuit Rd S(371082),3-Room,68.0 sqm,"$849,888"
91 Dawson Rd S(144091),3-Room,65.0 sqm,"$850,000"
188A Bedok Nth St 4 S(461188),4-Room,93.0 sqm,"$850,000"
348A Yishun Ave 11 S(761348),4-Room,92.0 sqm,"$850,000"
56 Strathmore Ave S(140056),4-Room,95.0 sqm,"$850,000"
60 Strathmore Ave S(141060),4-Room,85.0 sqm,"$850,000"
334 Kreta Ayer Rd S(080334),4-Room,83.0 sqm,"$850,000"
293A Bt Batok St 21 S(651293),5-Room,113.0 sqm,"$850,000"
513A Yishun St 51 S(761513),5-Room,120.0 sqm,"$850,000"
470B Upp Serangoon Cres S(532470),5-Room,113.0 sqm,"$850,000"
115 Ho Ching Rd S(610115),Executive,140.0 sqm,"$850,000"
497F Tampines St 45 S(524497),Executive,138.0 sqm,"$850,000"
235 Pasir Ris St 21 S(510235),Executive,146.0 sqm,"$850,000"
404 Bt Batok West Ave 7 S(650404),Executive,148.0 sqm,"$850,000"
93 Dawson Rd S(142093),3-Room,65.0 sqm,"$860,000"
117 Clementi St 13 S(120117),4-Room,108.0 sqm,"$860,000"
323B Sumang Walk S(822323),5-Room,113.0 sqm,"$860,000"
102 Bt Batok West Ave 6 S(650102),5-Room,150.0 sqm,"$860,000"
650 Woodlands Ring Rd S(730650),Executive,144.0 sqm,"$860,000"
180 Bedok Nth Rd S(460180),5-Room,110.0 sqm,"$864,444"
974 Hougang St 91 S(530974),Executive,137.0 sqm,"$865,000"
39 Jln Bahagia S(320039),3-Room,0.0 sqm,"$868,000"
273A Compassvale Link S(541273),4-Room,90.0 sqm,"$868,000"
108C Mcnair Rd S(324108),4-Room,86.0 sqm,"$868,000"
147 Rivervale Cres S(540147),Executive,140.0 sqm,"$868,000"
942 Hougang St 92 S(530942),5-Room,120.0 sqm,"$868,888"
338D Anchorvale Cres S(544338),5-Room,113.0 sqm,"$870,000"
667B Punggol Dr S(822667),5-Room,113.0 sqm,"$870,000"
102 Jln Dusun S(320102),5-Room,118.0 sqm,"$870,000"
56 Strathmore Ave S(140056),4-Room,85.0 sqm,"$875,000"
152 Lor 2 Toa Payoh S(310152),4-Room,91.0 sqm,"$876,000"
804 Woodlands St 81 S(730804),Executive,149.0 sqm,"$878,000"
10A Bendemeer Rd S(331010),3-Room,68.0 sqm,"$879,999"
264 Toa Payoh East S(310264),4-Room,93.0 sqm,"$880,000"
18B Circuit Rd S(372018),4-Room,93.0 sqm,"$880,000"
28 Cassia Cres S(391028),4-Room,102.0 sqm,"$880,000"
461B Bt Batok West Ave 8 S(652461),5-Room,121.0 sqm,"$880,000"
292B Bt Batok East Ave 6 S(652292),5-Room,113.0 sqm,"$880,000"
997B Buangkok Cres S(532997),5-Room,113.0 sqm,"$880,000"
530A Pasir Ris Dr 1 S(511530),5-Room,105.0 sqm,"$880,000"
168D Simei Lane S(524168),5-Room,107.0 sqm,"$880,000"
39 Telok Blangah Rise S(090039),5-Room,117.0 sqm,"$880,000"
637 Choa Chu Kang Nth 6 S(680637),Executive,142.0 sqm,"$880,000"
208 Pasir Ris St 21 S(510208),Executive,148.0 sqm,"$880,000"
456 Pasir Ris Dr 4 S(510456),Executive,146.0 sqm,"$880,000"
214 Choa Chu Kang Ctrl S(680214),Executive,146.0 sqm,"$880,000"
350A Yishun Ave 11 S(761350),Executive,154.0 sqm,"$880,000"
426 Tampines St 41 S(520426),Executive,143.0 sqm,"$880,000"
124 Tampines St 11 S(521124),Executive,146.0 sqm,"$880,888"
26A St. George's Lane S(321026),3-Room,68.0 sqm,"$888,000"
25A St. George's Lane S(321025),3-Room,68.0 sqm,"$888,000"
8A Upp Boon Keng Rd S(381008),3-Room,70.0 sqm,"$888,000"
273A Compassvale Link S(541273),4-Room,90.0 sqm,"$888,000"
49 Strathmore Ave S(140049),4-Room,90.0 sqm,"$888,000"
13 Cantonment Cl S(080013),4-Room,75.0 sqm,"$888,000"
233 Bain St S(180233),4-Room,82.0 sqm,"$888,000"
72 Marine Dr S(440072),5-Room,120.0 sqm,"$888,000"
143 Rivervale Dr S(540143),Executive,135.0 sqm,"$888,000"
29 Balam Rd S(370029),4-Room,106.0 sqm,"$888,888"
102 Rivervale Walk S(540102),Executive,140.0 sqm,"$888,888"
51 Sims Dr S(380051),5-Room,114.0 sqm,"$888,999"
59 Strathmore Ave S(142059),4-Room,96.0 sqm,"$890,000"
176 Lompang Rd S(670176),5-Room,121.0 sqm,"$890,000"
110 Aljunied Cres S(380110),5-Room,121.0 sqm,"$890,000"
27 Dover Cres S(130027),5-Room,123.0 sqm,"$890,000"
650 Senja Link S(670650),Executive,130.0 sqm,"$890,000"
308 Canberra Rd S(750308),Executive,141.0 sqm,"$890,000"
142 Bt Batok St 11 S(650142),Executive,155.0 sqm,"$890,000"
31 Eunos Cres S(400031),4-Room,90.0 sqm,"$898,000"
164 Bishan St 13 S(570164),5-Room,121.0 sqm,"$898,000"
429 Tampines St 41 S(520429),Executive,148.0 sqm,"$898,000"
470B Upp Serangoon Cres S(532470),5-Room,112.0 sqm,"$899,000"
144 Petir Rd S(670144),Executive,146.0 sqm,"$899,000"
38B Bendemeer Rd S(332038),4-Room,89.0 sqm,"$899,888"
685A Jurong West St 64 S(641685),Executive,132.0 sqm,"$899,999"
115 Ho Ching Rd S(610115),Executive,140.0 sqm,"$899,999"
125 Bt Batok Ctrl S(650125),Executive,150.0 sqm,"$899,999"
262 Toa Payoh East S(310262),4-Room,93.0 sqm,"$900,000"
116A Jln Tenteram S(321116),4-Room,93.0 sqm,"$900,000"
146 Lor 2 Toa Payoh S(310146),4-Room,92.0 sqm,"$900,000"
47 Jln Tiga S(390047),4-Room,93.0 sqm,"$900,000"
605A Tampines St 61 S(521605),5-Room,112.0 sqm,"$900,000"
452A Bt Batok West Ave 6 S(651452),5-Room,115.0 sqm,"$900,000"
452A Bt Batok West Ave 6 S(651452),5-Room,113.0 sqm,"$900,000"
112B Depot Rd S(102112),5-Room,116.0 sqm,"$900,000"
466 Hougang Ave 8 S(530466),5-Room,125.0 sqm,"$900,000"
422 Serangoon Ctrl S(550422),5-Room,121.0 sqm,"$900,000"
124 Simei St 1 S(520124),5-Room,123.0 sqm,"$900,000"
84 Bedok Nth St 4 S(460084),5-Room,134.0 sqm,"$900,000"
133 Marsiling Rise S(730133),Executive,170.0 sqm,"$900,000"
109 Teck Whye Lane S(680109),Executive,146.0 sqm,"$900,000"
273 Bangkit Rd S(670273),Executive,146.0 sqm,"$900,000"
124 Tampines St 11 S(521124),Executive,146.0 sqm,"$900,000"
143 Rivervale Dr S(540143),Executive,140.0 sqm,"$908,000"
129 Pending Rd S(670129),Executive,151.0 sqm,"$908,000"
164 Gangsa Rd S(670164),5-Room,120.0 sqm,"$908,888"
650 Pasir Ris Dr 10 S(510650),Executive,149.0 sqm,"$908,888"
555 Choa Chu Kang Nth 6 S(680555),Executive,146.0 sqm,"$910,000"
588B Ang Mo Kio St 52 S(562588),4-Room,90.0 sqm,"$915,000"
12 Dover Cl East S(130012),5-Room,117.0 sqm,"$918,000"
78 Lor Limau S(320078),4-Room,93.0 sqm,"$920,000"
80A Telok Blangah St 31 S(101080),4-Room,95.0 sqm,"$920,000"
316B Punggol Way S(822316),5-Room,113.0 sqm,"$920,000"
153 Bishan St 13 S(570153),5-Room,121.0 sqm,"$920,000"
560 Hougang St 51 S(530560),Executive,143.0 sqm,"$920,000"
476C Upp Serangoon View S(533476),5-Room,115.0 sqm,"$925,000"
26C Jln Membina S(166026),4-Room,85.0 sqm,"$928,000"
16 Toh Yi Dr S(590016),4-Room,104.0 sqm,"$928,000"
208 Choa Chu Kang Ctrl S(680208),Executive,146.0 sqm,"$928,000"
290C Bt Batok East Ave 3 S(650290),Executive,142.0 sqm,"$928,666"
605A Tampines St 61 S(521605),5-Room,112.0 sqm,"$930,000"
111B Depot Rd S(102111),5-Room,116.0 sqm,"$930,000"
26 Chai Chee Rd S(460026),5-Room,133.0 sqm,"$930,000"
13 Dover Cl East S(130013),5-Room,117.0 sqm,"$930,000"
21 Joo Seng Rd S(360021),Executive,146.0 sqm,"$930,000"
230 Hougang Ave 1 S(530230),5-Room,140.0 sqm,"$931,499"
406 Bedok Nth Ave 3 S(460406),5-Room,118.0 sqm,"$938,000"
422 Pasir Ris Dr 6 S(510422),Executive,145.0 sqm,"$938,000"
719 Bedok Reservoir Rd S(470719),Executive,143.0 sqm,"$938,888"
605C Tampines St 61 S(523605),5-Room,112.0 sqm,"$940,000"
104 Spottiswoode Pk Rd S(080104),5-Room,121.0 sqm,"$940,000"
804 Woodlands St 81 S(730804),Executive,152.0 sqm,"$940,000"
470 Jurong West St 41 S(640470),Executive,151.0 sqm,"$940,000"
48 Strathmore Ave S(140048),4-Room,90.0 sqm,"$948,000"
82B Circuit Rd S(372082),4-Room,93.0 sqm,"$950,000"
39A Bendemeer Rd S(331039),4-Room,92.0 sqm,"$950,000"
75A Redhill Rd S(151075),4-Room,100.0 sqm,"$950,000"
3A Holland Cl S(272003),4-Room,106.0 sqm,"$950,000"
285 Bishan St 22 S(570285),4-Room,108.0 sqm,"$950,000"
7 Tg Pagar Plaza S(081007),4-Room,83.0 sqm,"$950,000"
520B Tampines Ctrl 8 S(522520),5-Room,108.0 sqm,"$950,000"
73A Redhill Rd S(151073),5-Room,115.0 sqm,"$950,000"
44 Lor 5 Toa Payoh S(310044),5-Room,121.0 sqm,"$950,000"
449 Sin Ming Ave S(570449),5-Room,123.0 sqm,"$950,000"
153 Bishan St 13 S(570153),5-Room,121.0 sqm,"$950,000"
238 Hougang Ave 1 S(530238),5-Room,138.0 sqm,"$950,000"
336 Clementi Ave 2 S(120336),5-Room,119.0 sqm,"$950,000"
115 Bt Merah Ctrl S(150115),5-Room,117.0 sqm,"$950,000"
360 Woodlands Ave 5 S(730360),Executive,143.0 sqm,"$950,000"
497A Tampines St 45 S(520497),Executive,144.0 sqm,"$950,000"
712 Pasir Ris St 72 S(510712),Executive,146.0 sqm,"$950,000"
495F Tampines St 43 S(525495),Executive,146.0 sqm,"$950,000"
495E Tampines St 43 S(524495),Executive,147.0 sqm,"$950,000"
350 Choa Chu Kang Ctrl S(680350),Executive,146.0 sqm,"$950,000"
459 Pasir Ris Dr 4 S(510459),Executive,142.0 sqm,"$950,000"
239 Bt Panjang Ring Rd S(670239),Executive,146.0 sqm,"$950,000"
804 Woodlands St 81 S(730804),Executive,146.0 sqm,"$950,000"
512 Bt Batok St 52 S(650512),Executive,147.0 sqm,"$950,000"
615 Hougang Ave 8 S(530615),Executive,147.0 sqm,"$950,000"
430 Tampines St 41 S(520430),Executive,143.0 sqm,"$950,000"
425 Clementi Ave 1 S(120425),4-Room,100.0 sqm,"$958,888"
90B Telok Blangah St 31 S(102090),4-Room,93.0 sqm,"$960,000"
47 Jln Tiga S(390047),5-Room,110.0 sqm,"$960,000"
621 Bt Batok Ctrl S(650621),5-Room,113.0 sqm,"$960,000"
463 Hougang Ave 10 S(530463),5-Room,122.0 sqm,"$965,000"
606D Tampines St 61 S(524606),5-Room,112.0 sqm,"$968,000"
605 Senja Rd S(670605),5-Room,121.0 sqm,"$968,000"
37 Cambridge Rd S(210037),5-Room,120.0 sqm,"$968,000"
106 Spottiswoode Pk Rd S(080106),5-Room,129.0 sqm,"$968,000"
8 Ghim Moh Rd S(270008),5-Room,117.0 sqm,"$968,000"
86 Dawson Rd S(141086),4-Room,83.0 sqm,"$980,000"
89 Tanglin Halt Rd S(141089),4-Room,90.0 sqm,"$980,000"
20 Jln Membina S(164020),4-Room,90.0 sqm,"$980,000"
606B Tampines St 61 S(522606),5-Room,112.0 sqm,"$980,000"
216C Compassvale Dr S(543216),5-Room,112.0 sqm,"$980,000"
216B Compassvale Dr S(542216),5-Room,112.0 sqm,"$980,000"
475A Upp Serangoon Cres S(531475),5-Room,112.0 sqm,"$980,000"
515B Tampines Ctrl 7 S(522515),5-Room,114.0 sqm,"$980,000"
172 Lor 1 Toa Payoh S(310172),5-Room,124.0 sqm,"$980,000"
463 Pasir Ris St 41 S(510463),Executive,146.0 sqm,"$980,000"
420 Pasir Ris Dr 6 S(510420),Executive,146.0 sqm,"$980,000"
804 Woodlands St 81 S(730804),Executive,146.0 sqm,"$980,000"
245 Tampines St 21 S(521245),Executive,150.0 sqm,"$980,000"
475C Upp Serangoon Cres S(533475),5-Room,109.0 sqm,"$988,000"
60 Geylang Bahru S(330060),5-Room,120.0 sqm,"$988,000"
226C Compassvale Walk S(543226),Executive,135.0 sqm,"$988,000"
606D Tampines St 61 S(524606),5-Room,119.0 sqm,"$988,888"
2A Upp Boon Keng Rd S(381002),5-Room,110.0 sqm,"$988,888"
20 Holland Dr S(271020),5-Room,117.0 sqm,"$988,888"
856F Tampines St 82 S(526856),Executive,143.0 sqm,"$988,888"
644 Bedok Reservoir Rd S(410644),Executive,142.0 sqm,"$988,888"
278A Compassvale Bow S(541278),5-Room,113.0 sqm,"$989,000"
82A Circuit Rd S(371082),4-Room,93.0 sqm,"$990,000"
93B Telok Blangah St 31 S(102093),4-Room,93.0 sqm,"$990,000"
187B Bedok Nth St 4 S(462187),5-Room,113.0 sqm,"$993,000"
310 Shunfu Rd S(570310),5-Room,121.0 sqm,"$995,000"
57 Havelock Rd S(161057),4-Room,94.0 sqm,"$996,888"
128 Simei St 1 S(520128),Executive,145.0 sqm,"$998,000"
221 Bt Batok East Ave 3 S(650221),Executive,141.0 sqm,"$998,000"
79A Toa Payoh Ctrl S(311079),4-Room,91.0 sqm,"$999,000"
1 Everton Pk S(081001),5-Room,138.0 sqm,"$999,000"
1 Queen's Rd S(260001),5-Room,125.0 sqm,"$999,000"
261 Toa Payoh East S(310261),4-Room,93.0 sqm,"$999,999"
62B Strathmore Ave S(143062),4-Room,93.0 sqm,"$999,999"
20 Holland Dr S(271020),5-Room,117.0 sqm,"$999,999"
325 Tampines St 32 S(520325),Executive,146.0 sqm,"$999,999"
537 Pasir Ris St 51 S(510537),Executive,141.0 sqm,"$999,999"
105A Bidadari Pk Dr S(341105),4-Room,94.0 sqm,"$1,000,000"
275A Bishan St 24 S(571275),4-Room,95.0 sqm,"$1,000,000"
6B Boon Tiong Rd S(165006),4-Room,100.0 sqm,"$1,000,000"
175 Lompang Rd S(670175),5-Room,121.0 sqm,"$1,000,000"
355 Tampines St 33 S(520355),5-Room,129.0 sqm,"$1,000,000"
167 Bishan St 13 S(570167),5-Room,122.0 sqm,"$1,000,000"
183 Jelebu Rd S(670183),Executive,124.0 sqm,"$1,000,000"
652 Senja Link S(670652),Executive,130.0 sqm,"$1,000,000"
253 Bangkit Rd S(670253),Executive,146.0 sqm,"$1,000,000"
356 Yishun Ring Rd S(760356),Executive,142.0 sqm,"$1,000,000"
160 Bedok Sth Ave 3 S(460160),Executive,152.0 sqm,"$1,000,000"
92B Telok Blangah St 31 S(102092),4-Room,93.0 sqm,"$1,008,000"
577 Hougang Ave 4 S(530577),Executive,139.0 sqm,"$1,008,888"
628 Hougang Ave 8 S(530628),Executive,144.0 sqm,"$1,012,000"
83A Circuit Rd S(371083),4-Room,96.0 sqm,"$1,018,888"
79A Toa Payoh Ctrl S(311079),4-Room,91.0 sqm,"$1,018,888"
264 Toa Payoh East S(310264),4-Room,93.0 sqm,"$1,020,000"
287C Jurong East St 21 S(603287),Executive,143.0 sqm,"$1,020,000"
61A Strathmore Ave S(142061),4-Room,96.0 sqm,"$1,030,000"
26B St. George's Lane S(322026),4-Room,92.0 sqm,"$1,035,000"
721 Bedok Reservoir Rd S(470721),Executive,144.0 sqm,"$1,038,000"
93B Telok Blangah St 31 S(102093),4-Room,93.0 sqm,"$1,050,000"
498M Tampines St 45 S(529498),Executive,147.0 sqm,"$1,050,000"
411 Woodlands St 41 S(730411),Executive,176.0 sqm,"$1,050,000"
448 Pasir Ris Dr 6 S(510448),Executive,154.0 sqm,"$1,050,000"
156 Tampines St 12 S(521156),Executive,151.0 sqm,"$1,050,000"
627 Bt Batok Ctrl S(650627),Executive,140.0 sqm,"$1,050,888"
206 Clementi Ave 6 S(120206),Executive,150.0 sqm,"$1,055,000"
113D Mcnair Rd S(325113),4-Room,93.0 sqm,"$1,058,000"
26A St. George's Lane S(321026),4-Room,92.0 sqm,"$1,065,000"
895 Tampines St 81 S(520895),Executive,146.0 sqm,"$1,069,000"
520B Tampines Ctrl 8 S(522520),5-Room,108.0 sqm,"$1,077,888"
440A Clementi Ave 3 S(121440),4-Room,87.0 sqm,"$1,080,000"
24 Beo Cres S(160024),4-Room,136.0 sqm,"$1,080,000"
407 Hougang Ave 10 S(530407),Executive,148.0 sqm,"$1,080,000"
141 Lor Ah Soo S(530141),Executive,148.0 sqm,"$1,080,000"
604B Tampines Ave 9 S(522604),5-Room,119.0 sqm,"$1,088,000"
27 Dover Cres S(130027),5-Room,123.0 sqm,"$1,088,888"
277 Yishun St 22 S(760277),Executive,152.0 sqm,"$1,088,888"
146 Tampines Ave 5 S(521146),Executive,150.0 sqm,"$1,088,888"
6 Boon Keng Rd S(330006),4-Room,106.0 sqm,"$1,090,000"
173 Bishan St 13 S(570173),5-Room,121.0 sqm,"$1,090,000"
138B Lor 1A Toa Payoh S(312138),4-Room,91.0 sqm,"$1,099,000"
807 Woodlands St 81 S(730807),Executive,189.0 sqm,"$1,099,000"
30 Ghim Moh Link S(272030),4-Room,93.0 sqm,"$1,100,000"
31 Ghim Moh Link S(271031),4-Room,93.0 sqm,"$1,100,000"
56 Havelock Rd S(161056),4-Room,94.0 sqm,"$1,100,000"
79D Toa Payoh Ctrl S(314079),4-Room,90.0 sqm,"$1,100,000"
12 Cantonment Cl S(080012),4-Room,90.0 sqm,"$1,100,000"
25B Jln Membina S(164025),5-Room,110.0 sqm,"$1,100,000"
639 Rowell Rd S(200639),5-Room,139.0 sqm,"$1,100,000"
663 Jln Damai S(410663),Executive,142.0 sqm,"$1,100,000"
604 Choa Chu Kang St 62 S(680604),Executive,147.0 sqm,"$1,100,000"
603 Elias Rd S(510603),Executive,151.0 sqm,"$1,100,000"
405 Bt Batok West Ave 7 S(650405),Executive,145.0 sqm,"$1,100,000"
537 Serangoon Nth Ave 4 S(550537),Executive,147.0 sqm,"$1,100,000"
254 Kim Keat Ave S(310254),Executive,146.0 sqm,"$1,100,000"
426 Tampines St 41 S(520426),Executive,148.0 sqm,"$1,100,000"
115 Clementi St 13 S(120115),Executive,146.0 sqm,"$1,100,000"
821 Woodlands St 82 S(730821),Executive,177.0 sqm,"$1,102,000"
644 Bedok Reservoir Rd S(410644),Executive,142.0 sqm,"$1,110,000"
113A Mcnair Rd S(322113),4-Room,93.0 sqm,"$1,115,000"
454 Tampines St 42 S(520454),Multi-Generation,150.0 sqm,"$1,125,000"
591A Ang Mo Kio St 51 S(561591),4-Room,93.0 sqm,"$1,138,000"
7 Boon Keng Rd S(330007),5-Room,113.0 sqm,"$1,140,000"
106B Bidadari Pk Dr S(342106),4-Room,94.0 sqm,"$1,150,000"
25A St. George's Lane S(321025),4-Room,92.0 sqm,"$1,150,000"
113A Mcnair Rd S(322113),4-Room,93.0 sqm,"$1,150,000"
88 Dawson Rd S(142088),4-Room,83.0 sqm,"$1,150,000"
81B Lor 4 Toa Payoh S(312081),5-Room,122.0 sqm,"$1,150,000"
4B St. George's Lane S(321004),5-Room,124.0 sqm,"$1,150,000"
578 Hougang Ave 4 S(530578),Executive,140.0 sqm,"$1,150,000"
411 Woodlands St 41 S(730411),Executive,177.0 sqm,"$1,150,000"
151 Tampines St 12 S(521151),Executive,142.0 sqm,"$1,150,000"
816 Jellicoe Rd S(200816),5-Room,110.0 sqm,"$1,168,888"
113B Mcnair Rd S(323113),4-Room,93.0 sqm,"$1,180,000"
86 Dawson Rd S(141086),4-Room,83.0 sqm,"$1,180,000"
9 Boon Keng Rd S(330009),4-Room,95.0 sqm,"$1,180,000"
17 Toh Yi Dr S(590017),5-Room,128.0 sqm,"$1,180,000"
425 Clementi Ave 1 S(120425),5-Room,113.0 sqm,"$1,187,999"
111 Clementi St 13 S(120111),Executive,146.0 sqm,"$1,188,000"
637 Bedok Reservoir Rd S(410637),Executive,142.0 sqm,"$1,188,888"
145 Lor Ah Soo S(530145),Executive,148.0 sqm,"$1,190,000"
285C Toh Guan Rd S(603285),Executive,145.0 sqm,"$1,196,800"
113B Mcnair Rd S(323113),4-Room,93.0 sqm,"$1,200,000"
10B Bendemeer Rd S(332010),4-Room,93.0 sqm,"$1,200,000"
53 C'wealth Dr S(142053),4-Room,96.0 sqm,"$1,200,000"
9 Boon Keng Rd S(330009),4-Room,95.0 sqm,"$1,200,000"
126 Bt Merah View S(151126),5-Room,128.0 sqm,"$1,200,000"
408 Sin Ming Ave S(570408),5-Room,120.0 sqm,"$1,200,000"
95 Havelock Rd S(160095),5-Room,118.0 sqm,"$1,200,000"
104A Ang Mo Kio St 11 S(560104),Executive,146.0 sqm,"$1,200,000"
301 Shunfu Rd S(570301),Executive,147.0 sqm,"$1,200,000"
1F Cantonment Rd S(085601),4-Room,94.0 sqm,"$1,230,000"
95C Henderson Rd S(153095),4-Room,93.0 sqm,"$1,238,000"
143 Lor 2 Toa Payoh S(310143),5-Room,110.0 sqm,"$1,238,000"
3 Holland Cl S(271003),5-Room,124.0 sqm,"$1,242,999"
9 Toh Yi Dr S(590009),5-Room,122.0 sqm,"$1,260,000"
26B St. George's Lane S(322026),4-Room,92.0 sqm,"$1,280,000"
53 Pipit Rd S(370053),Executive,153.0 sqm,"$1,280,000"
147 Lor 2 Toa Payoh S(310147),5-Room,110.0 sqm,"$1,288,000"
331 Woodlands Ave 1 S(730331),Executive,176.0 sqm,"$1,288,000"
7 Boon Keng Rd S(330007),5-Room,107.0 sqm,"$1,298,000"
19 Queen's Cl S(140019),5-Room,128.0 sqm,"$1,300,000"
1 Toh Yi Dr S(591501),5-Room,122.0 sqm,"$1,300,000"
108 Jln Rajah S(320108),Executive,157.0 sqm,"$1,300,000"
105A Bidadari Pk Dr S(341105),5-Room,114.0 sqm,"$1,328,000"
105A Bidadari Pk Dr S(341105),5-Room,114.0 sqm,"$1,330,000"
544 Jelapang Rd S(670544),Executive,142.0 sqm,"$1,338,888"
238 Bishan St 22 S(570238),Executive,143.0 sqm,"$1,349,000"
588D Ang Mo Kio St 52 S(564588),5-Room,117.0 sqm,"$1,350,000"
143 Mei Ling St S(140143),5-Room,122.0 sqm,"$1,350,000"
15 Toh Yi Dr S(590015),Executive,145.0 sqm,"$1,350,000"
1D Cantonment Rd S(085401),4-Room,95.0 sqm,"$1,360,000"
588B Ang Mo Kio St 52 S(562588),5-Room,120.0 sqm,"$1,398,800"
1D Cantonment Rd S(085401),4-Room,93.0 sqm,"$1,400,000"
7A C'wealth Ave S(141007),5-Room,128.0 sqm,"$1,400,000"
1C Cantonment Rd S(085301),4-Room,95.0 sqm,"$1,410,000"
9A Boon Tiong Rd S(162009),4-Room,92.0 sqm,"$1,450,000"
1F Cantonment Rd S(085601),4-Room,93.0 sqm,"$1,450,000"
452 Sin Ming Ave S(570452),Executive,145.0 sqm,"$1,450,000"
9 Toh Yi Dr S(590009),5-Room,127.0 sqm,"$1,500,000"
1F Cantonment Rd S(085601),5-Room,107.0 sqm,"$1,550,000"
138C Lor 1A Toa Payoh S(313138),5-Room,117.0 sqm,"$1,568,000"
96A Henderson Rd S(151096),5-Room,113.0 sqm,"$1,580,000"
275A Bishan St 24 S(571275),5-Room,120.0 sqm,"$1,580,000"
275A Bishan St 24 S(571275),5-Room,120.0 sqm,"$1,580,000"
1D Cantonment Rd S(085401),5-Room,107.0 sqm,"$1,580,000"
96A Henderson Rd S(151096),5-Room,113.0 sqm,"$1,599,999"
138B Lor 1A Toa Payoh S(312138),5-Room,114.0 sqm,"$1,599,999"
96A Henderson Rd S(151096),5-Room,113.0 sqm,"$1,610,000"
139B Lor 1A Toa Payoh S(312139),5-Room,117.0 sqm,"$1,650,000"
1C Cantonment Rd S(085301),5-Room,107.0 sqm,"$1,650,000"
